,Epoch,Loss,Accuracy,Precision,Recall,F1
0,1,2.047878926194559,0.23777777777777778,0.15807804074390902,0.23777777777777778,0.13931972801454745
1,2,1.2740611091373473,0.78,0.8272672072375321,0.78,0.7713945487629749
2,3,0.6666920708389733,0.9377777777777778,0.9419280635441805,0.9377777777777778,0.9381290849652347
3,4,0.3481448880858778,0.9022222222222223,0.9155838972069723,0.9022222222222223,0.889954022680842
4,5,0.21085172668686064,0.8488888888888889,0.8905395528581803,0.8488888888888889,0.8408356959423766
